company_code,period_code,metric_code,metric_name,metric_category,value,unit
002594.SZ,20211231,accounts_payable,Accounts Payable,balance_sheet,73160167000.0,CNY
002594.SZ,20211231,accounts_receivable,Accounts Receivable,balance_sheet,36251280000.0,CNY
002594.SZ,20211231,cash,Cash,balance_sheet,50457097000.0,CNY
002594.SZ,20211231,inventory,Inventory,balance_sheet,43354782000.0,CNY
002594.SZ,20211231,shareholder_equity,Shareholder Equity,balance_sheet,104244209000.0,CNY
002594.SZ,20211231,short_debt,Short-term Debt,balance_sheet,10204358000.0,CNY
002594.SZ,20211231,total_assets,Total Assets,balance_sheet,295780147000.0,CNY
002594.SZ,20211231,total_liabilities,Total Liabilities,balance_sheet,191535938000.0,CNY
002594.SZ,20211231,capital_expenditure,Capital Expenditure,cash_flow,37343609000.0,CNY
002594.SZ,20211231,financing_cashflow,Financing Cash Flow,cash_flow,16062517000.0,CNY
002594.SZ,20211231,investing_cashflow,Investing Cash Flow,cash_flow,-45403992000.0,CNY
002594.SZ,20211231,net_cashflow,Net Cash Flow,cash_flow,36081362000.0,CNY
002594.SZ,20211231,operating_cashflow,Operating Cash Flow,cash_flow,65466682000.0,CNY
002594.SZ,20211231,admin_expense,Administrative Expense,income_statement,5710193000.0,CNY
002594.SZ,20211231,finance_expense,Finance Expense,income_statement,1786927000.0,CNY
002594.SZ,20211231,net_profit,Net Profit,income_statement,3967266000.0,CNY
002594.SZ,20211231,operating_cost,Operating Cost,income_statement,187997689000.0,CNY
002594.SZ,20211231,operating_profit,Operating Profit,income_statement,4631992000.0,CNY
002594.SZ,20211231,rd_expense,R&D Expense,income_statement,7990974000.0,CNY
002594.SZ,20211231,revenue,Revenue,income_statement,216142395000.0,CNY
002594.SZ,20211231,selling_expense,Selling Expense,income_statement,6081678000.0,CNY
002594.SZ,20211231,asset_turnover,Asset Turnover,ratio,0.8701,ratio
002594.SZ,20211231,cfo_to_net_profit,Operating Cash Flow / Net Profit,ratio,16.50171226229852,ratio
002594.SZ,20211231,current_ratio,Current Ratio,ratio,0.9697,ratio
002594.SZ,20211231,debt_to_assets_pct,Debt to Assets,ratio,64.7562,percent
002594.SZ,20211231,gross_margin_pct,Gross Margin,ratio,11.6173,percent
002594.SZ,20211231,net_margin_pct,Net Margin,ratio,1.8355,percent
002594.SZ,20211231,quick_ratio,Quick Ratio,ratio,0.7166,ratio
002594.SZ,20211231,roa_pct,ROA,ratio,1.5971,percent
002594.SZ,20211231,roe_pct,ROE,ratio,3.2,percent
002594.SZ,20221231,accounts_payable,Accounts Payable,balance_sheet,140437310000.0,CNY
002594.SZ,20221231,accounts_receivable,Accounts Receivable,balance_sheet,38828494000.0,CNY
002594.SZ,20221231,cash,Cash,balance_sheet,51471263000.0,CNY
002594.SZ,20221231,inventory,Inventory,balance_sheet,79107199000.0,CNY
002594.SZ,20221231,shareholder_equity,Shareholder Equity,balance_sheet,121389837000.0,CNY
002594.SZ,20221231,short_debt,Short-term Debt,balance_sheet,5153098000.0,CNY
002594.SZ,20221231,total_assets,Total Assets,balance_sheet,493860646000.0,CNY
002594.SZ,20221231,total_liabilities,Total Liabilities,balance_sheet,372470809000.0,CNY
002594.SZ,20221231,capital_expenditure,Capital Expenditure,cash_flow,97456862000.0,CNY
002594.SZ,20221231,financing_cashflow,Financing Cash Flow,cash_flow,-19488683000.0,CNY
002594.SZ,20221231,investing_cashflow,Investing Cash Flow,cash_flow,-120595997000.0,CNY
002594.SZ,20221231,net_cashflow,Net Cash Flow,cash_flow,1362597000.0,CNY
002594.SZ,20221231,operating_cashflow,Operating Cash Flow,cash_flow,140837657000.0,CNY
002594.SZ,20221231,admin_expense,Administrative Expense,income_statement,10007370000.0,CNY
002594.SZ,20221231,finance_expense,Finance Expense,income_statement,-1617957000.0,CNY
002594.SZ,20221231,net_profit,Net Profit,income_statement,17713104000.0,CNY
002594.SZ,20221231,operating_cost,Operating Cost,income_statement,351815680000.0,CNY
002594.SZ,20221231,operating_profit,Operating Profit,income_statement,21541819000.0,CNY
002594.SZ,20221231,rd_expense,R&D Expense,income_statement,18654453000.0,CNY
002594.SZ,20221231,revenue,Revenue,income_statement,424060635000.0,CNY
002594.SZ,20221231,selling_expense,Selling Expense,income_statement,15060676000.0,CNY
002594.SZ,20221231,asset_turnover,Asset Turnover,ratio,1.0741,ratio
002594.SZ,20221231,cfo_to_net_profit,Operating Cash Flow / Net Profit,ratio,7.951043306695428,ratio
002594.SZ,20221231,current_ratio,Current Ratio,ratio,0.7224,ratio
002594.SZ,20221231,debt_to_assets_pct,Debt to Assets,ratio,75.4202,percent
002594.SZ,20221231,gross_margin_pct,Gross Margin,ratio,15.3228,percent
002594.SZ,20221231,net_margin_pct,Net Margin,ratio,4.177,percent
002594.SZ,20221231,quick_ratio,Quick Ratio,ratio,0.4851,ratio
002594.SZ,20221231,roa_pct,ROA,ratio,4.4864,percent
002594.SZ,20221231,roe_pct,ROE,ratio,14.97,percent
002594.SZ,20231231,accounts_payable,Accounts Payable,balance_sheet,194429817000.0,CNY
002594.SZ,20231231,accounts_receivable,Accounts Receivable,balance_sheet,61866019000.0,CNY
002594.SZ,20231231,cash,Cash,balance_sheet,109094408000.0,CNY
002594.SZ,20231231,inventory,Inventory,balance_sheet,87676748000.0,CNY
002594.SZ,20231231,shareholder_equity,Shareholder Equity,balance_sheet,150462113000.0,CNY
002594.SZ,20231231,short_debt,Short-term Debt,balance_sheet,18323216000.0,CNY
002594.SZ,20231231,total_assets,Total Assets,balance_sheet,679547670000.0,CNY
002594.SZ,20231231,total_liabilities,Total Liabilities,balance_sheet,529085557000.0,CNY
002594.SZ,20231231,capital_expenditure,Capital Expenditure,cash_flow,122093509000.0,CNY
002594.SZ,20231231,financing_cashflow,Financing Cash Flow,cash_flow,12817127000.0,CNY
002594.SZ,20231231,investing_cashflow,Investing Cash Flow,cash_flow,-125663644000.0,CNY
002594.SZ,20231231,net_cashflow,Net Cash Flow,cash_flow,57329288000.0,CNY
002594.SZ,20231231,operating_cashflow,Operating Cash Flow,cash_flow,169725025000.0,CNY
002594.SZ,20231231,admin_expense,Administrative Expense,income_statement,13461708000.0,CNY
002594.SZ,20231231,finance_expense,Finance Expense,income_statement,-1474894000.0,CNY
002594.SZ,20231231,net_profit,Net Profit,income_statement,31344070000.0,CNY
002594.SZ,20231231,operating_cost,Operating Cost,income_statement,490398945000.0,CNY
002594.SZ,20231231,operating_profit,Operating Profit,income_statement,38103095000.0,CNY
002594.SZ,20231231,rd_expense,R&D Expense,income_statement,39574945000.0,CNY
002594.SZ,20231231,revenue,Revenue,income_statement,602315354000.0,CNY
002594.SZ,20231231,selling_expense,Selling Expense,income_statement,15370800000.0,CNY
002594.SZ,20231231,asset_turnover,Asset Turnover,ratio,1.0266,ratio
002594.SZ,20231231,cfo_to_net_profit,Operating Cash Flow / Net Profit,ratio,5.414900649468943,ratio
002594.SZ,20231231,current_ratio,Current Ratio,ratio,0.666,ratio
002594.SZ,20231231,debt_to_assets_pct,Debt to Assets,ratio,77.8585,percent
002594.SZ,20231231,gross_margin_pct,Gross Margin,ratio,18.4965,percent
002594.SZ,20231231,net_margin_pct,Net Margin,ratio,5.2039,percent
002594.SZ,20231231,quick_ratio,Quick Ratio,ratio,0.4727,ratio
002594.SZ,20231231,roa_pct,ROA,ratio,5.3424,percent
002594.SZ,20231231,roe_pct,ROE,ratio,21.64,percent
002594.SZ,20241231,accounts_payable,Accounts Payable,balance_sheet,241643424000.0,CNY
002594.SZ,20241231,accounts_receivable,Accounts Receivable,balance_sheet,62298988000.0,CNY
002594.SZ,20241231,cash,Cash,balance_sheet,102738734000.0,CNY
002594.SZ,20241231,inventory,Inventory,balance_sheet,116036237000.0,CNY
002594.SZ,20241231,shareholder_equity,Shareholder Equity,balance_sheet,198688209000.0,CNY
002594.SZ,20241231,short_debt,Short-term Debt,balance_sheet,12103272000.0,CNY
002594.SZ,20241231,total_assets,Total Assets,balance_sheet,783355855000.0,CNY
002594.SZ,20241231,total_liabilities,Total Liabilities,balance_sheet,584667646000.0,CNY
002594.SZ,20241231,capital_expenditure,Capital Expenditure,cash_flow,97359768000.0,CNY
002594.SZ,20241231,financing_cashflow,Financing Cash Flow,cash_flow,-10267547000.0,CNY
002594.SZ,20241231,investing_cashflow,Investing Cash Flow,cash_flow,-129082282000.0,CNY
002594.SZ,20241231,net_cashflow,Net Cash Flow,cash_flow,-6255203000.0,CNY
002594.SZ,20241231,operating_cashflow,Operating Cash Flow,cash_flow,133453873000.0,CNY
002594.SZ,20241231,admin_expense,Administrative Expense,income_statement,18644661000.0,CNY
002594.SZ,20241231,finance_expense,Finance Expense,income_statement,1216206000.0,CNY
002594.SZ,20241231,net_profit,Net Profit,income_statement,41587940000.0,CNY
002594.SZ,20241231,operating_cost,Operating Cost,income_statement,626046616000.0,CNY
002594.SZ,20241231,operating_profit,Operating Profit,income_statement,50486047000.0,CNY
002594.SZ,20241231,rd_expense,R&D Expense,income_statement,53194745000.0,CNY
002594.SZ,20241231,revenue,Revenue,income_statement,777102455000.0,CNY
002594.SZ,20241231,selling_expense,Selling Expense,income_statement,24085317000.0,CNY
002594.SZ,20241231,asset_turnover,Asset Turnover,ratio,1.0624,ratio
002594.SZ,20241231,cfo_to_net_profit,Operating Cash Flow / Net Profit,ratio,3.2089560819795353,ratio
002594.SZ,20241231,current_ratio,Current Ratio,ratio,0.7471,ratio
002594.SZ,20241231,debt_to_assets_pct,Debt to Assets,ratio,74.6363,percent
002594.SZ,20241231,gross_margin_pct,Gross Margin,ratio,17.54,percent
002594.SZ,20241231,net_margin_pct,Net Margin,ratio,5.3517,percent
002594.SZ,20241231,quick_ratio,Quick Ratio,ratio,0.5132,ratio
002594.SZ,20241231,roa_pct,ROA,ratio,5.6857,percent
002594.SZ,20241231,roe_pct,ROE,ratio,21.73,percent
002594.SZ,20251231,accounts_payable,Accounts Payable,balance_sheet,186742375000.0,CNY
002594.SZ,20251231,accounts_receivable,Accounts Receivable,balance_sheet,37004685000.0,CNY
002594.SZ,20251231,cash,Cash,balance_sheet,75424747000.0,CNY
002594.SZ,20251231,inventory,Inventory,balance_sheet,138420580000.0,CNY
002594.SZ,20251231,shareholder_equity,Shareholder Equity,balance_sheet,258539185000.0,CNY
002594.SZ,20251231,short_debt,Short-term Debt,balance_sheet,38484710000.0,CNY
002594.SZ,20251231,total_assets,Total Assets,balance_sheet,883729883000.0,CNY
002594.SZ,20251231,total_liabilities,Total Liabilities,balance_sheet,625190698000.0,CNY
002594.SZ,20251231,capital_expenditure,Capital Expenditure,cash_flow,156807853000.0,CNY
002594.SZ,20251231,financing_cashflow,Financing Cash Flow,cash_flow,104613870000.0,CNY
002594.SZ,20251231,investing_cashflow,Investing Cash Flow,cash_flow,-197463109000.0,CNY
002594.SZ,20251231,net_cashflow,Net Cash Flow,cash_flow,-33861345000.0,CNY
002594.SZ,20251231,operating_cashflow,Operating Cash Flow,cash_flow,59135544000.0,CNY
002594.SZ,20251231,admin_expense,Administrative Expense,income_statement,20199944000.0,CNY
002594.SZ,20251231,finance_expense,Finance Expense,income_statement,-649350000.0,CNY
002594.SZ,20251231,net_profit,Net Profit,income_statement,33760758000.0,CNY
002594.SZ,20251231,operating_cost,Operating Cost,income_statement,661305161000.0,CNY
002594.SZ,20251231,operating_profit,Operating Profit,income_statement,40184709000.0,CNY
002594.SZ,20251231,rd_expense,R&D Expense,income_statement,57978105000.0,CNY
002594.SZ,20251231,revenue,Revenue,income_statement,803964958000.0,CNY
002594.SZ,20251231,selling_expense,Selling Expense,income_statement,26184568000.0,CNY
002594.SZ,20251231,asset_turnover,Asset Turnover,ratio,0.9645,ratio
002594.SZ,20251231,cfo_to_net_profit,Operating Cash Flow / Net Profit,ratio,1.7516059325445241,ratio
002594.SZ,20251231,current_ratio,Current Ratio,ratio,0.793,ratio
002594.SZ,20251231,debt_to_assets_pct,Debt to Assets,ratio,70.7445,percent
002594.SZ,20251231,gross_margin_pct,Gross Margin,ratio,16.0553,percent
002594.SZ,20251231,net_margin_pct,Net Margin,ratio,4.1993,percent
002594.SZ,20251231,quick_ratio,Quick Ratio,ratio,0.4975,ratio
002594.SZ,20251231,roa_pct,ROA,ratio,4.0503,percent
002594.SZ,20251231,roe_pct,ROE,ratio,13.24,percent
600196.SH,20211231,accounts_payable,Accounts Payable,balance_sheet,4515304947.44,CNY
600196.SH,20211231,accounts_receivable,Accounts Receivable,balance_sheet,6029720207.09,CNY
600196.SH,20211231,cash,Cash,balance_sheet,10317224034.78,CNY
600196.SH,20211231,inventory,Inventory,balance_sheet,5472547240.58,CNY
600196.SH,20211231,shareholder_equity,Shareholder Equity,balance_sheet,48379568026.64,CNY
600196.SH,20211231,short_debt,Short-term Debt,balance_sheet,9420129313.44,CNY
600196.SH,20211231,total_assets,Total Assets,balance_sheet,93306321826.77,CNY
600196.SH,20211231,total_liabilities,Total Liabilities,balance_sheet,44926753800.13,CNY
600196.SH,20211231,capital_expenditure,Capital Expenditure,cash_flow,4972799402.17,CNY
600196.SH,20211231,financing_cashflow,Financing Cash Flow,cash_flow,-819407186.84,CNY
600196.SH,20211231,investing_cashflow,Investing Cash Flow,cash_flow,-3857489195.53,CNY
600196.SH,20211231,net_cashflow,Net Cash Flow,cash_flow,-873793577.35,CNY
600196.SH,20211231,operating_cashflow,Operating Cash Flow,cash_flow,3937814791.41,CNY
600196.SH,20211231,admin_expense,Administrative Expense,income_statement,3226882658.32,CNY
600196.SH,20211231,finance_expense,Finance Expense,income_statement,464021504.89,CNY
600196.SH,20211231,net_profit,Net Profit,income_statement,4976269370.32,CNY
600196.SH,20211231,operating_cost,Operating Cost,income_statement,20229784681.07,CNY
600196.SH,20211231,operating_profit,Operating Profit,income_statement,6302568208.71,CNY
600196.SH,20211231,rd_expense,R&D Expense,income_statement,3837302678.36,CNY
600196.SH,20211231,revenue,Revenue,income_statement,39011184281.58,CNY
600196.SH,20211231,selling_expense,Selling Expense,income_statement,9100803166.58,CNY
600196.SH,20211231,asset_turnover,Asset Turnover,ratio,0.4408,ratio
600196.SH,20211231,cfo_to_net_profit,Operating Cash Flow / Net Profit,ratio,0.7913186562802123,ratio
600196.SH,20211231,current_ratio,Current Ratio,ratio,1.038,ratio
600196.SH,20211231,debt_to_assets_pct,Debt to Assets,ratio,48.1471,percent
600196.SH,20211231,gross_margin_pct,Gross Margin,ratio,47.5383,percent
600196.SH,20211231,net_margin_pct,Net Margin,ratio,12.7866,percent
600196.SH,20211231,quick_ratio,Quick Ratio,ratio,0.8513,ratio
600196.SH,20211231,roa_pct,ROA,ratio,5.6362,percent
600196.SH,20211231,roe_pct,ROE,ratio,12.08,percent
600196.SH,20221231,accounts_payable,Accounts Payable,balance_sheet,5426161923.19,CNY
600196.SH,20221231,accounts_receivable,Accounts Receivable,balance_sheet,7588099263.1,CNY
600196.SH,20221231,cash,Cash,balance_sheet,16241313361.55,CNY
600196.SH,20221231,inventory,Inventory,balance_sheet,6882432395.84,CNY
600196.SH,20221231,shareholder_equity,Shareholder Equity,balance_sheet,54108909613.35,CNY
600196.SH,20221231,short_debt,Short-term Debt,balance_sheet,11931537165.93,CNY
600196.SH,20221231,total_assets,Total Assets,balance_sheet,107163907232.34,CNY
600196.SH,20221231,total_liabilities,Total Liabilities,balance_sheet,53054997618.99,CNY
600196.SH,20221231,capital_expenditure,Capital Expenditure,cash_flow,5888838856.94,CNY
600196.SH,20221231,financing_cashflow,Financing Cash Flow,cash_flow,4428474733.5,CNY
600196.SH,20221231,investing_cashflow,Investing Cash Flow,cash_flow,-4064038160.66,CNY
600196.SH,20221231,net_cashflow,Net Cash Flow,cash_flow,4710349923.45,CNY
600196.SH,20221231,operating_cashflow,Operating Cash Flow,cash_flow,4217570892.87,CNY
600196.SH,20221231,admin_expense,Administrative Expense,income_statement,3828102918.85,CNY
600196.SH,20221231,finance_expense,Finance Expense,income_statement,647402662.52,CNY
600196.SH,20221231,net_profit,Net Profit,income_statement,3947464120.11,CNY
600196.SH,20221231,operating_cost,Operating Cost,income_statement,23169690419.68,CNY
600196.SH,20221231,operating_profit,Operating Profit,income_statement,4656656381.28,CNY
600196.SH,20221231,rd_expense,R&D Expense,income_statement,4302092916.99,CNY
600196.SH,20221231,revenue,Revenue,income_statement,43951546895.23,CNY
600196.SH,20221231,selling_expense,Selling Expense,income_statement,9171176082.23,CNY
600196.SH,20221231,asset_turnover,Asset Turnover,ratio,0.4385,ratio
600196.SH,20221231,cfo_to_net_profit,Operating Cash Flow / Net Profit,ratio,1.0684253902103797,ratio
600196.SH,20221231,current_ratio,Current Ratio,ratio,1.0595,ratio
600196.SH,20221231,debt_to_assets_pct,Debt to Assets,ratio,49.5083,percent
600196.SH,20221231,gross_margin_pct,Gross Margin,ratio,46.7653,percent
600196.SH,20221231,net_margin_pct,Net Margin,ratio,8.9814,percent
600196.SH,20221231,quick_ratio,Quick Ratio,ratio,0.8528,ratio
600196.SH,20221231,roa_pct,ROA,ratio,3.9385,percent
600196.SH,20221231,roe_pct,ROE,ratio,8.37,percent
600196.SH,20231231,accounts_payable,Accounts Payable,balance_sheet,5507366277.73,CNY
600196.SH,20231231,accounts_receivable,Accounts Receivable,balance_sheet,7643736270.74,CNY
600196.SH,20231231,cash,Cash,balance_sheet,13693590965.39,CNY
600196.SH,20231231,inventory,Inventory,balance_sheet,7537767765.75,CNY
600196.SH,20231231,shareholder_equity,Shareholder Equity,balance_sheet,56616260436.28,CNY
600196.SH,20231231,short_debt,Short-term Debt,balance_sheet,14728454129.15,CNY
600196.SH,20231231,total_assets,Total Assets,balance_sheet,113469604813.45,CNY
600196.SH,20231231,total_liabilities,Total Liabilities,balance_sheet,56853344377.17,CNY
600196.SH,20231231,capital_expenditure,Capital Expenditure,cash_flow,5336704753.14,CNY
600196.SH,20231231,financing_cashflow,Financing Cash Flow,cash_flow,-1336249798.86,CNY
600196.SH,20231231,investing_cashflow,Investing Cash Flow,cash_flow,-3819290372.42,CNY
600196.SH,20231231,net_cashflow,Net Cash Flow,cash_flow,-1667678082.51,CNY
600196.SH,20231231,operating_cashflow,Operating Cash Flow,cash_flow,3414217063.59,CNY
600196.SH,20231231,admin_expense,Administrative Expense,income_statement,4374907225.8,CNY
600196.SH,20231231,finance_expense,Finance Expense,income_statement,984323390.71,CNY
600196.SH,20231231,net_profit,Net Profit,income_statement,2895063426.58,CNY
600196.SH,20231231,operating_cost,Operating Cost,income_statement,21595308756.94,CNY
600196.SH,20231231,operating_profit,Operating Profit,income_statement,3307507905.12,CNY
600196.SH,20231231,rd_expense,R&D Expense,income_statement,4346044722.61,CNY
600196.SH,20231231,revenue,Revenue,income_statement,41399539588.42,CNY
600196.SH,20231231,selling_expense,Selling Expense,income_statement,9712237437.28,CNY
600196.SH,20231231,asset_turnover,Asset Turnover,ratio,0.3753,ratio
600196.SH,20231231,cfo_to_net_profit,Operating Cash Flow / Net Profit,ratio,1.1793237523722537,ratio
600196.SH,20231231,current_ratio,Current Ratio,ratio,1.001,ratio
600196.SH,20231231,debt_to_assets_pct,Debt to Assets,ratio,50.1045,percent
600196.SH,20231231,gross_margin_pct,Gross Margin,ratio,47.1816,percent
600196.SH,20231231,net_margin_pct,Net Margin,ratio,6.993,percent
600196.SH,20231231,quick_ratio,Quick Ratio,ratio,0.7777,ratio
600196.SH,20231231,roa_pct,ROA,ratio,2.6243,percent
600196.SH,20231231,roe_pct,ROE,ratio,5.22,percent
600196.SH,20241231,accounts_payable,Accounts Payable,balance_sheet,5378369844.62,CNY
600196.SH,20241231,accounts_receivable,Accounts Receivable,balance_sheet,7952072557.82,CNY
600196.SH,20241231,cash,Cash,balance_sheet,13523933130.64,CNY
600196.SH,20241231,inventory,Inventory,balance_sheet,7258648636.81,CNY
600196.SH,20241231,shareholder_equity,Shareholder Equity,balance_sheet,59933728912.32,CNY
600196.SH,20241231,short_debt,Short-term Debt,balance_sheet,18711314899.45,CNY
600196.SH,20241231,total_assets,Total Assets,balance_sheet,117460567349.27,CNY
600196.SH,20241231,total_liabilities,Total Liabilities,balance_sheet,57526838436.95,CNY
600196.SH,20241231,capital_expenditure,Capital Expenditure,cash_flow,4410191178.59,CNY
600196.SH,20241231,financing_cashflow,Financing Cash Flow,cash_flow,-1002586337.36,CNY
600196.SH,20241231,investing_cashflow,Investing Cash Flow,cash_flow,-3613323371.22,CNY
600196.SH,20241231,net_cashflow,Net Cash Flow,cash_flow,-110939118.93,CNY
600196.SH,20241231,operating_cashflow,Operating Cash Flow,cash_flow,4476981262.22,CNY
600196.SH,20241231,admin_expense,Administrative Expense,income_statement,4283257270.64,CNY
600196.SH,20241231,finance_expense,Finance Expense,income_statement,1110518015.23,CNY
600196.SH,20241231,net_profit,Net Profit,income_statement,3512440385.0,CNY
600196.SH,20241231,operating_cost,Operating Cost,income_statement,21365573972.4,CNY
600196.SH,20241231,operating_profit,Operating Profit,income_statement,4245103909.31,CNY
600196.SH,20241231,rd_expense,R&D Expense,income_statement,3644356457.53,CNY
600196.SH,20241231,revenue,Revenue,income_statement,41067195862.59,CNY
600196.SH,20241231,selling_expense,Selling Expense,income_statement,8679763843.89,CNY
600196.SH,20241231,asset_turnover,Asset Turnover,ratio,0.3557,ratio
600196.SH,20241231,cfo_to_net_profit,Operating Cash Flow / Net Profit,ratio,1.2746070456708976,ratio
600196.SH,20241231,current_ratio,Current Ratio,ratio,0.9209,ratio
600196.SH,20241231,debt_to_assets_pct,Debt to Assets,ratio,48.9754,percent
600196.SH,20241231,gross_margin_pct,Gross Margin,ratio,47.2094,percent
600196.SH,20241231,net_margin_pct,Net Margin,ratio,8.5529,percent
600196.SH,20241231,quick_ratio,Quick Ratio,ratio,0.7271,ratio
600196.SH,20241231,roa_pct,ROA,ratio,3.042,percent
600196.SH,20241231,roe_pct,ROE,ratio,5.86,percent
600196.SH,20251231,accounts_payable,Accounts Payable,balance_sheet,4856044809.37,CNY
600196.SH,20251231,accounts_receivable,Accounts Receivable,balance_sheet,9364522148.66,CNY
600196.SH,20251231,cash,Cash,balance_sheet,13104229127.57,CNY
600196.SH,20251231,inventory,Inventory,balance_sheet,6252472423.26,CNY
600196.SH,20251231,shareholder_equity,Shareholder Equity,balance_sheet,61840349851.34,CNY
600196.SH,20251231,short_debt,Short-term Debt,balance_sheet,15529939564.82,CNY
600196.SH,20251231,total_assets,Total Assets,balance_sheet,120053968926.05,CNY
600196.SH,20251231,total_liabilities,Total Liabilities,balance_sheet,58213619074.71,CNY
600196.SH,20251231,capital_expenditure,Capital Expenditure,cash_flow,4448451634.91,CNY
600196.SH,20251231,financing_cashflow,Financing Cash Flow,cash_flow,-3244089507.15,CNY
600196.SH,20251231,investing_cashflow,Investing Cash Flow,cash_flow,-2145766288.73,CNY
600196.SH,20251231,net_cashflow,Net Cash Flow,cash_flow,-353439666.41,CNY
600196.SH,20251231,operating_cashflow,Operating Cash Flow,cash_flow,5213226878.35,CNY
600196.SH,20251231,admin_expense,Administrative Expense,income_statement,4583601754.23,CNY
600196.SH,20251231,finance_expense,Finance Expense,income_statement,1153425039.49,CNY
600196.SH,20251231,net_profit,Net Profit,income_statement,4247929628.38,CNY
600196.SH,20251231,operating_cost,Operating Cost,income_statement,20800103192.22,CNY
600196.SH,20251231,operating_profit,Operating Profit,income_statement,5228351339.59,CNY
600196.SH,20251231,rd_expense,R&D Expense,income_statement,4012555580.82,CNY
600196.SH,20251231,revenue,Revenue,income_statement,41661612748.15,CNY
600196.SH,20251231,selling_expense,Selling Expense,income_statement,9193022306.29,CNY
600196.SH,20251231,asset_turnover,Asset Turnover,ratio,0.3508,ratio
600196.SH,20251231,cfo_to_net_profit,Operating Cash Flow / Net Profit,ratio,1.2272394635544206,ratio
600196.SH,20251231,current_ratio,Current Ratio,ratio,0.9285,ratio
600196.SH,20251231,debt_to_assets_pct,Debt to Assets,ratio,48.4895,percent
600196.SH,20251231,gross_margin_pct,Gross Margin,ratio,49.2465,percent
600196.SH,20251231,net_margin_pct,Net Margin,ratio,10.1963,percent
600196.SH,20251231,quick_ratio,Quick Ratio,ratio,0.7569,ratio
600196.SH,20251231,roa_pct,ROA,ratio,3.577,percent
600196.SH,20251231,roe_pct,ROE,ratio,6.92,percent
600519.SH,20201231,accounts_payable,Accounts Payable,balance_sheet,1342267668.12,CNY
600519.SH,20201231,accounts_receivable,Accounts Receivable,balance_sheet,1532728979.67,CNY
600519.SH,20201231,cash,Cash,balance_sheet,36091090060.9,CNY
600519.SH,20201231,inventory,Inventory,balance_sheet,28869087678.06,CNY
600519.SH,20201231,shareholder_equity,Shareholder Equity,balance_sheet,167720683101.28,CNY
600519.SH,20201231,total_assets,Total Assets,balance_sheet,213395810527.46,CNY
600519.SH,20201231,total_liabilities,Total Liabilities,balance_sheet,45675127426.18,CNY
600519.SH,20201231,capital_expenditure,Capital Expenditure,cash_flow,2089769498.78,CNY
600519.SH,20201231,financing_cashflow,Financing Cash Flow,cash_flow,-24127536908.26,CNY
600519.SH,20201231,investing_cashflow,Investing Cash Flow,cash_flow,-1805227155.72,CNY
600519.SH,20201231,net_cashflow,Net Cash Flow,cash_flow,25736685268.41,CNY
600519.SH,20201231,operating_cashflow,Operating Cash Flow,cash_flow,51669068693.03,CNY
600519.SH,20201231,admin_expense,Administrative Expense,income_statement,6789844289.39,CNY
600519.SH,20201231,finance_expense,Finance Expense,income_statement,-234610582.44,CNY
600519.SH,20201231,net_profit,Net Profit,income_statement,49523329882.4,CNY
600519.SH,20201231,operating_cost,Operating Cost,income_statement,8154001476.28,CNY
600519.SH,20201231,operating_profit,Operating Profit,income_statement,66635079882.38,CNY
600519.SH,20201231,rd_expense,R&D Expense,income_statement,50398036.33,CNY
600519.SH,20201231,revenue,Revenue,income_statement,97993240501.21,CNY
600519.SH,20201231,selling_expense,Selling Expense,income_statement,2547745650.95,CNY
600519.SH,20201231,asset_turnover,Asset Turnover,ratio,0.4788,ratio
600519.SH,20201231,cfo_to_net_profit,Operating Cash Flow / Net Profit,ratio,1.0433278379245772,ratio
600519.SH,20201231,current_ratio,Current Ratio,ratio,4.0648,ratio
600519.SH,20201231,debt_to_assets_pct,Debt to Assets,ratio,21.4039,percent
600519.SH,20201231,gross_margin_pct,Gross Margin,ratio,76.7788,percent
600519.SH,20201231,net_margin_pct,Net Margin,ratio,52.1763,percent
600519.SH,20201231,quick_ratio,Quick Ratio,ratio,3.4327,ratio
600519.SH,20201231,roa_pct,ROA,ratio,24.9841,percent
600519.SH,20201231,roe_pct,ROE,ratio,28.95,percent
600519.SH,20211231,accounts_payable,Accounts Payable,balance_sheet,2009832495.56,CNY
600519.SH,20211231,cash,Cash,balance_sheet,51810243607.11,CNY
600519.SH,20211231,inventory,Inventory,balance_sheet,33394365084.83,CNY
600519.SH,20211231,shareholder_equity,Shareholder Equity,balance_sheet,196957506705.34,CNY
600519.SH,20211231,short_debt,Short-term Debt,balance_sheet,104319886.87,CNY
600519.SH,20211231,total_assets,Total Assets,balance_sheet,255168195159.9,CNY
600519.SH,20211231,total_liabilities,Total Liabilities,balance_sheet,58210688454.56,CNY
600519.SH,20211231,capital_expenditure,Capital Expenditure,cash_flow,3408784532.01,CNY
600519.SH,20211231,financing_cashflow,Financing Cash Flow,cash_flow,-26564141388.96,CNY
600519.SH,20211231,investing_cashflow,Investing Cash Flow,cash_flow,-5562445704.34,CNY
600519.SH,20211231,net_cashflow,Net Cash Flow,cash_flow,31900062511.47,CNY
600519.SH,20211231,operating_cashflow,Operating Cash Flow,cash_flow,64028676147.37,CNY
600519.SH,20211231,admin_expense,Administrative Expense,income_statement,8450274065.03,CNY
600519.SH,20211231,finance_expense,Finance Expense,income_statement,-934523406.02,CNY
600519.SH,20211231,net_profit,Net Profit,income_statement,55720529956.46,CNY
600519.SH,20211231,operating_cost,Operating Cost,income_statement,8983377809.96,CNY
600519.SH,20211231,operating_profit,Operating Profit,income_statement,74750880777.52,CNY
600519.SH,20211231,rd_expense,R&D Expense,income_statement,61923213.59,CNY
600519.SH,20211231,revenue,Revenue,income_statement,109464278563.89,CNY
600519.SH,20211231,selling_expense,Selling Expense,income_statement,2737369434.78,CNY
600519.SH,20211231,asset_turnover,Asset Turnover,ratio,0.4533,ratio
600519.SH,20211231,cfo_to_net_profit,Operating Cash Flow / Net Profit,ratio,1.1491038616718467,ratio
600519.SH,20211231,current_ratio,Current Ratio,ratio,3.8119,ratio
600519.SH,20211231,debt_to_assets_pct,Debt to Assets,ratio,22.8127,percent
600519.SH,20211231,gross_margin_pct,Gross Margin,ratio,77.128,percent
600519.SH,20211231,net_margin_pct,Net Margin,ratio,52.4724,percent
600519.SH,20211231,quick_ratio,Quick Ratio,ratio,3.2353,ratio
600519.SH,20211231,roa_pct,ROA,ratio,23.7835,percent
600519.SH,20211231,roe_pct,ROE,ratio,27.68,percent
600519.SH,20221231,accounts_payable,Accounts Payable,balance_sheet,2408371053.69,CNY
600519.SH,20221231,accounts_receivable,Accounts Receivable,balance_sheet,20937144.0,CNY
600519.SH,20221231,cash,Cash,balance_sheet,58274318733.23,CNY
600519.SH,20221231,inventory,Inventory,balance_sheet,38824374236.24,CNY
600519.SH,20221231,shareholder_equity,Shareholder Equity,balance_sheet,204938081263.86,CNY
600519.SH,20221231,short_debt,Short-term Debt,balance_sheet,109351155.28,CNY
600519.SH,20221231,total_assets,Total Assets,balance_sheet,254500826096.02,CNY
600519.SH,20221231,total_liabilities,Total Liabilities,balance_sheet,49562744832.16,CNY
600519.SH,20221231,capital_expenditure,Capital Expenditure,cash_flow,5306546416.54,CNY
600519.SH,20221231,financing_cashflow,Financing Cash Flow,cash_flow,-57424528979.83,CNY
600519.SH,20221231,investing_cashflow,Investing Cash Flow,cash_flow,-5536826334.9,CNY
600519.SH,20221231,net_cashflow,Net Cash Flow,cash_flow,-26261848396.69,CNY
600519.SH,20221231,operating_cashflow,Operating Cash Flow,cash_flow,36698595830.03,CNY
600519.SH,20221231,admin_expense,Administrative Expense,income_statement,9012191073.63,CNY
600519.SH,20221231,finance_expense,Finance Expense,income_statement,-1391805826.72,CNY
600519.SH,20221231,net_profit,Net Profit,income_statement,65376039957.88,CNY
600519.SH,20221231,operating_cost,Operating Cost,income_statement,10093468616.63,CNY
600519.SH,20221231,operating_profit,Operating Profit,income_statement,87879521782.39,CNY
600519.SH,20221231,rd_expense,R&D Expense,income_statement,135185680.4,CNY
600519.SH,20221231,revenue,Revenue,income_statement,127553959355.97,CNY
600519.SH,20221231,selling_expense,Selling Expense,income_statement,3297724190.94,CNY
600519.SH,20221231,asset_turnover,Asset Turnover,ratio,0.4871,ratio
600519.SH,20221231,cfo_to_net_profit,Operating Cash Flow / Net Profit,ratio,0.5613462646815852,ratio
600519.SH,20221231,current_ratio,Current Ratio,ratio,4.4147,ratio
600519.SH,20221231,debt_to_assets_pct,Debt to Assets,ratio,19.421,percent
600519.SH,20221231,gross_margin_pct,Gross Margin,ratio,76.9627,percent
600519.SH,20221231,net_margin_pct,Net Margin,ratio,52.6795,percent
600519.SH,20221231,quick_ratio,Quick Ratio,ratio,3.6235,ratio
600519.SH,20221231,roa_pct,ROA,ratio,25.6608,percent
600519.SH,20221231,roe_pct,ROE,ratio,31.75,percent
600519.SH,20231231,accounts_payable,Accounts Payable,balance_sheet,3093091103.67,CNY
600519.SH,20231231,accounts_receivable,Accounts Receivable,balance_sheet,60373410.41,CNY
600519.SH,20231231,cash,Cash,balance_sheet,69070136376.12,CNY
600519.SH,20231231,inventory,Inventory,balance_sheet,46435185061.53,CNY
600519.SH,20231231,shareholder_equity,Shareholder Equity,balance_sheet,223656469294.82,CNY
600519.SH,20231231,short_debt,Short-term Debt,balance_sheet,57054879.48,CNY
600519.SH,20231231,total_assets,Total Assets,balance_sheet,272699660092.25,CNY
600519.SH,20231231,total_liabilities,Total Liabilities,balance_sheet,49043190797.43,CNY
600519.SH,20231231,capital_expenditure,Capital Expenditure,cash_flow,2619755888.79,CNY
600519.SH,20231231,financing_cashflow,Financing Cash Flow,cash_flow,-58889101991.94,CNY
600519.SH,20231231,investing_cashflow,Investing Cash Flow,cash_flow,-9724414015.16,CNY
600519.SH,20231231,net_cashflow,Net Cash Flow,cash_flow,-2018550030.36,CNY
600519.SH,20231231,operating_cashflow,Operating Cash Flow,cash_flow,66593247721.09,CNY
600519.SH,20231231,admin_expense,Administrative Expense,income_statement,9729389252.31,CNY
600519.SH,20231231,finance_expense,Finance Expense,income_statement,-1789503701.48,CNY
600519.SH,20231231,net_profit,Net Profit,income_statement,77521476277.8,CNY
600519.SH,20231231,operating_cost,Operating Cost,income_statement,11867273851.78,CNY
600519.SH,20231231,operating_profit,Operating Profit,income_statement,103708655208.38,CNY
600519.SH,20231231,rd_expense,R&D Expense,income_statement,157371873.01,CNY
600519.SH,20231231,revenue,Revenue,income_statement,150560330316.44998,CNY
600519.SH,20231231,selling_expense,Selling Expense,income_statement,4648613585.82,CNY
600519.SH,20231231,asset_turnover,Asset Turnover,ratio,0.5604,ratio
600519.SH,20231231,cfo_to_net_profit,Operating Cash Flow / Net Profit,ratio,0.8590296640178982,ratio
600519.SH,20231231,current_ratio,Current Ratio,ratio,4.6239,ratio
600519.SH,20231231,debt_to_assets_pct,Debt to Assets,ratio,17.9843,percent
600519.SH,20231231,gross_margin_pct,Gross Margin,ratio,76.9107,percent
600519.SH,20231231,net_margin_pct,Net Margin,ratio,52.488,percent
600519.SH,20231231,quick_ratio,Quick Ratio,ratio,3.6704,ratio
600519.SH,20231231,roa_pct,ROA,ratio,29.4163,percent
600519.SH,20231231,roe_pct,ROE,ratio,34.65,percent
600519.SH,20241231,accounts_payable,Accounts Payable,balance_sheet,3514969230.31,CNY
600519.SH,20241231,accounts_receivable,Accounts Receivable,balance_sheet,18974192.75,CNY
600519.SH,20241231,cash,Cash,balance_sheet,59295822956.89,CNY
600519.SH,20241231,inventory,Inventory,balance_sheet,54343285157.47,CNY
600519.SH,20241231,shareholder_equity,Shareholder Equity,balance_sheet,242011315120.6,CNY
600519.SH,20241231,short_debt,Short-term Debt,balance_sheet,111951112.2,CNY
600519.SH,20241231,total_assets,Total Assets,balance_sheet,298944579918.7,CNY
600519.SH,20241231,total_liabilities,Total Liabilities,balance_sheet,56933264798.1,CNY
600519.SH,20241231,capital_expenditure,Capital Expenditure,cash_flow,4678712053.56,CNY
600519.SH,20241231,financing_cashflow,Financing Cash Flow,cash_flow,-71067506484.81,CNY
600519.SH,20241231,investing_cashflow,Investing Cash Flow,cash_flow,-1785202630.71,CNY
600519.SH,20241231,net_cashflow,Net Cash Flow,cash_flow,19609900305.36,CNY
600519.SH,20241231,operating_cashflow,Operating Cash Flow,cash_flow,92463692168.43,CNY
600519.SH,20241231,admin_expense,Administrative Expense,income_statement,9315650060.38,CNY
600519.SH,20241231,finance_expense,Finance Expense,income_statement,-1470219863.34,CNY
600519.SH,20241231,net_profit,Net Profit,income_statement,89334728025.9,CNY
600519.SH,20241231,operating_cost,Operating Cost,income_statement,13789482367.98,CNY
600519.SH,20241231,operating_profit,Operating Profit,income_statement,119688579453.23,CNY
600519.SH,20241231,rd_expense,R&D Expense,income_statement,218375472.87,CNY
600519.SH,20241231,revenue,Revenue,income_statement,174144069958.24997,CNY
600519.SH,20241231,selling_expense,Selling Expense,income_statement,5639300059.49,CNY
600519.SH,20241231,asset_turnover,Asset Turnover,ratio,0.5979,ratio
600519.SH,20241231,cfo_to_net_profit,Operating Cash Flow / Net Profit,ratio,1.0350251711923593,ratio
600519.SH,20241231,current_ratio,Current Ratio,ratio,4.4541,ratio
600519.SH,20241231,debt_to_assets_pct,Debt to Assets,ratio,19.0448,percent
600519.SH,20241231,gross_margin_pct,Gross Margin,ratio,76.1756,percent
600519.SH,20241231,net_margin_pct,Net Margin,ratio,52.2734,percent
600519.SH,20241231,quick_ratio,Quick Ratio,ratio,3.4925,ratio
600519.SH,20241231,roa_pct,ROA,ratio,31.2554,percent
600519.SH,20241231,roe_pct,ROE,ratio,36.99,percent
600612.SH,20201231,accounts_payable,Accounts Payable,balance_sheet,480493089.12,CNY
600612.SH,20201231,accounts_receivable,Accounts Receivable,balance_sheet,150104254.28,CNY
600612.SH,20201231,cash,Cash,balance_sheet,5604787630.39,CNY
600612.SH,20201231,inventory,Inventory,balance_sheet,11882149184.17,CNY
600612.SH,20201231,shareholder_equity,Shareholder Equity,balance_sheet,9414434126.7,CNY
600612.SH,20201231,short_debt,Short-term Debt,balance_sheet,6250580387.77,CNY
600612.SH,20201231,total_assets,Total Assets,balance_sheet,19563274343.85,CNY
600612.SH,20201231,total_liabilities,Total Liabilities,balance_sheet,10148840217.15,CNY
600612.SH,20201231,capital_expenditure,Capital Expenditure,cash_flow,36513281.94,CNY
600612.SH,20201231,financing_cashflow,Financing Cash Flow,cash_flow,-1207395177.97,CNY
600612.SH,20201231,investing_cashflow,Investing Cash Flow,cash_flow,132559635.84,CNY
600612.SH,20201231,net_cashflow,Net Cash Flow,cash_flow,1283860129.8,CNY
600612.SH,20201231,operating_cashflow,Operating Cash Flow,cash_flow,2347749151.5,CNY
600612.SH,20201231,admin_expense,Administrative Expense,income_statement,427121644.36,CNY
600612.SH,20201231,finance_expense,Finance Expense,income_statement,289391581.98,CNY
600612.SH,20201231,net_profit,Net Profit,income_statement,2072331290.33,CNY
600612.SH,20201231,operating_cost,Operating Cost,income_statement,47488533817.8,CNY
600612.SH,20201231,operating_profit,Operating Profit,income_statement,2797143123.18,CNY
600612.SH,20201231,rd_expense,R&D Expense,income_statement,20011625.42,CNY
600612.SH,20201231,revenue,Revenue,income_statement,51721504158.99,CNY
600612.SH,20201231,selling_expense,Selling Expense,income_statement,687786474.37,CNY
600612.SH,20201231,asset_turnover,Asset Turnover,ratio,2.8152,ratio
600612.SH,20201231,cfo_to_net_profit,Operating Cash Flow / Net Profit,ratio,1.132902428513803,ratio
600612.SH,20201231,current_ratio,Current Ratio,ratio,2.045,ratio
600612.SH,20201231,debt_to_assets_pct,Debt to Assets,ratio,51.877,percent
600612.SH,20201231,gross_margin_pct,Gross Margin,ratio,7.9101,percent
600612.SH,20201231,net_margin_pct,Net Margin,ratio,4.0067,percent
600612.SH,20201231,quick_ratio,Quick Ratio,ratio,0.7492,ratio
600612.SH,20201231,roa_pct,ROA,ratio,11.2798,percent
600612.SH,20201231,roe_pct,ROE,ratio,19.91,percent
600612.SH,20211231,accounts_payable,Accounts Payable,balance_sheet,524138648.11,CNY
600612.SH,20211231,accounts_receivable,Accounts Receivable,balance_sheet,177291026.6,CNY
600612.SH,20211231,cash,Cash,balance_sheet,7045773666.43,CNY
600612.SH,20211231,inventory,Inventory,balance_sheet,12548774933.24,CNY
600612.SH,20211231,shareholder_equity,Shareholder Equity,balance_sheet,10858645091.43,CNY
600612.SH,20211231,short_debt,Short-term Debt,balance_sheet,7714349354.43,CNY
600612.SH,20211231,total_assets,Total Assets,balance_sheet,22274857485.87,CNY
600612.SH,20211231,total_liabilities,Total Liabilities,balance_sheet,11416212394.44,CNY
600612.SH,20211231,capital_expenditure,Capital Expenditure,cash_flow,55171473.26,CNY
600612.SH,20211231,financing_cashflow,Financing Cash Flow,cash_flow,-559780104.51,CNY
600612.SH,20211231,investing_cashflow,Investing Cash Flow,cash_flow,16649538.07,CNY
600612.SH,20211231,net_cashflow,Net Cash Flow,cash_flow,1447966474.47,CNY
600612.SH,20211231,operating_cashflow,Operating Cash Flow,cash_flow,1989782736.75,CNY
600612.SH,20211231,admin_expense,Administrative Expense,income_statement,401691622.51,CNY
600612.SH,20211231,finance_expense,Finance Expense,income_statement,266554914.57,CNY
600612.SH,20211231,net_profit,Net Profit,income_statement,2447244546.73,CNY
600612.SH,20211231,operating_cost,Operating Cost,income_statement,54130014270.08,CNY
600612.SH,20211231,operating_profit,Operating Profit,income_statement,3232415552.41,CNY
600612.SH,20211231,rd_expense,R&D Expense,income_statement,30799973.4,CNY
600612.SH,20211231,revenue,Revenue,income_statement,58690773414.31,CNY
600612.SH,20211231,selling_expense,Selling Expense,income_statement,797152240.87,CNY
600612.SH,20211231,asset_turnover,Asset Turnover,ratio,2.8056,ratio
600612.SH,20211231,cfo_to_net_profit,Operating Cash Flow / Net Profit,ratio,0.8130706591659346,ratio
600612.SH,20211231,current_ratio,Current Ratio,ratio,2.0799,ratio
600612.SH,20211231,debt_to_assets_pct,Debt to Assets,ratio,51.2516,percent
600612.SH,20211231,gross_margin_pct,Gross Margin,ratio,7.3754,percent
600612.SH,20211231,net_margin_pct,Net Margin,ratio,4.1697,percent
600612.SH,20211231,quick_ratio,Quick Ratio,ratio,0.8377,ratio
600612.SH,20211231,roa_pct,ROA,ratio,11.6986,percent
600612.SH,20211231,roe_pct,ROE,ratio,20.41,percent
600612.SH,20221231,accounts_payable,Accounts Payable,balance_sheet,814981227.84,CNY
600612.SH,20221231,accounts_receivable,Accounts Receivable,balance_sheet,442240196.99,CNY
600612.SH,20221231,cash,Cash,balance_sheet,5576986231.19,CNY
600612.SH,20221231,inventory,Inventory,balance_sheet,16799230753.15,CNY
600612.SH,20221231,shareholder_equity,Shareholder Equity,balance_sheet,11981471015.76,CNY
600612.SH,20221231,short_debt,Short-term Debt,balance_sheet,6893254544.66,CNY
600612.SH,20221231,total_assets,Total Assets,balance_sheet,26004840307.89,CNY
600612.SH,20221231,total_liabilities,Total Liabilities,balance_sheet,14023369292.13,CNY
600612.SH,20221231,capital_expenditure,Capital Expenditure,cash_flow,74713956.06,CNY
600612.SH,20221231,financing_cashflow,Financing Cash Flow,cash_flow,-2358819794.14,CNY
600612.SH,20221231,investing_cashflow,Investing Cash Flow,cash_flow,-52698143.35,CNY
600612.SH,20221231,net_cashflow,Net Cash Flow,cash_flow,-1468897435.24,CNY
600612.SH,20221231,operating_cashflow,Operating Cash Flow,cash_flow,964083141.66,CNY
600612.SH,20221231,admin_expense,Administrative Expense,income_statement,401959740.94,CNY
600612.SH,20221231,finance_expense,Finance Expense,income_statement,204299403.88,CNY
600612.SH,20221231,net_profit,Net Profit,income_statement,2267851013.07,CNY
600612.SH,20221231,operating_cost,Operating Cost,income_statement,58232912218.79,CNY
600612.SH,20221231,operating_profit,Operating Profit,income_statement,3017276894.89,CNY
600612.SH,20221231,rd_expense,R&D Expense,income_statement,31301743.19,CNY
600612.SH,20221231,revenue,Revenue,income_statement,63010144202.99,CNY
600612.SH,20221231,selling_expense,Selling Expense,income_statement,828905151.66,CNY
600612.SH,20221231,asset_turnover,Asset Turnover,ratio,2.6102,ratio
600612.SH,20221231,cfo_to_net_profit,Operating Cash Flow / Net Profit,ratio,0.4251086760566852,ratio
600612.SH,20221231,current_ratio,Current Ratio,ratio,1.8381,ratio
600612.SH,20221231,debt_to_assets_pct,Debt to Assets,ratio,53.926,percent
600612.SH,20221231,gross_margin_pct,Gross Margin,ratio,7.2392,percent
600612.SH,20221231,net_margin_pct,Net Margin,ratio,3.5992,percent
600612.SH,20221231,quick_ratio,Quick Ratio,ratio,0.5903,ratio
600612.SH,20221231,roa_pct,ROA,ratio,9.3946,percent
600612.SH,20221231,roe_pct,ROE,ratio,16.79,percent
600612.SH,20231231,accounts_payable,Accounts Payable,balance_sheet,503552042.72,CNY
600612.SH,20231231,accounts_receivable,Accounts Receivable,balance_sheet,315262607.6,CNY
600612.SH,20231231,cash,Cash,balance_sheet,9317963894.13,CNY
600612.SH,20231231,inventory,Inventory,balance_sheet,12327881640.06,CNY
600612.SH,20231231,shareholder_equity,Shareholder Equity,balance_sheet,13735090485.22,CNY
600612.SH,20231231,short_debt,Short-term Debt,balance_sheet,5623680265.82,CNY
600612.SH,20231231,total_assets,Total Assets,balance_sheet,24333847842.95,CNY
600612.SH,20231231,total_liabilities,Total Liabilities,balance_sheet,10598757357.73,CNY
600612.SH,20231231,capital_expenditure,Capital Expenditure,cash_flow,148901364.69,CNY
600612.SH,20231231,financing_cashflow,Financing Cash Flow,cash_flow,-3173881100.72,CNY
600612.SH,20231231,investing_cashflow,Investing Cash Flow,cash_flow,-306166428.82,CNY
600612.SH,20231231,net_cashflow,Net Cash Flow,cash_flow,3736857662.94,CNY
600612.SH,20231231,operating_cashflow,Operating Cash Flow,cash_flow,7211579960.46,CNY
600612.SH,20231231,admin_expense,Administrative Expense,income_statement,489637215.5,CNY
600612.SH,20231231,finance_expense,Finance Expense,income_statement,140618438.2,CNY
600612.SH,20231231,net_profit,Net Profit,income_statement,2975393871.81,CNY
600612.SH,20231231,operating_cost,Operating Cost,income_statement,65505119340.57,CNY
600612.SH,20231231,operating_profit,Operating Profit,income_statement,3968161513.87,CNY
600612.SH,20231231,rd_expense,R&D Expense,income_statement,36574965.74,CNY
600612.SH,20231231,revenue,Revenue,income_statement,71435641416.14,CNY
600612.SH,20231231,selling_expense,Selling Expense,income_statement,1053812445.1,CNY
600612.SH,20231231,asset_turnover,Asset Turnover,ratio,2.8382,ratio
600612.SH,20231231,cfo_to_net_profit,Operating Cash Flow / Net Profit,ratio,2.4237396026069757,ratio
600612.SH,20231231,current_ratio,Current Ratio,ratio,2.2858,ratio
600612.SH,20231231,debt_to_assets_pct,Debt to Assets,ratio,43.5556,percent
600612.SH,20231231,gross_margin_pct,Gross Margin,ratio,7.9428,percent
600612.SH,20231231,net_margin_pct,Net Margin,ratio,4.1651,percent
600612.SH,20231231,quick_ratio,Quick Ratio,ratio,1.0631,ratio
600612.SH,20231231,roa_pct,ROA,ratio,11.8215,percent
600612.SH,20231231,roe_pct,ROE,ratio,19.13,percent
600612.SH,20241231,accounts_payable,Accounts Payable,balance_sheet,374638647.17,CNY
600612.SH,20241231,accounts_receivable,Accounts Receivable,balance_sheet,241648005.21,CNY
600612.SH,20241231,cash,Cash,balance_sheet,8152785949.72,CNY
600612.SH,20241231,inventory,Inventory,balance_sheet,11824636934.08,CNY
600612.SH,20241231,shareholder_equity,Shareholder Equity,balance_sheet,14749531256.43,CNY
600612.SH,20241231,short_debt,Short-term Debt,balance_sheet,4609991098.58,CNY
600612.SH,20241231,total_assets,Total Assets,balance_sheet,22731142401.49,CNY
600612.SH,20241231,total_liabilities,Total Liabilities,balance_sheet,7981611145.06,CNY
600612.SH,20241231,capital_expenditure,Capital Expenditure,cash_flow,92916293.13,CNY
600612.SH,20241231,financing_cashflow,Financing Cash Flow,cash_flow,-3980713136.66,CNY
600612.SH,20241231,investing_cashflow,Investing Cash Flow,cash_flow,-129332563.54,CNY
600612.SH,20241231,net_cashflow,Net Cash Flow,cash_flow,-1157987944.41,CNY
600612.SH,20241231,operating_cashflow,Operating Cash Flow,cash_flow,2938650017.71,CNY
600612.SH,20241231,admin_expense,Administrative Expense,income_statement,594600396.63,CNY
600612.SH,20241231,finance_expense,Finance Expense,income_statement,126393248.72,CNY
600612.SH,20241231,net_profit,Net Profit,income_statement,2543870523.8,CNY
600612.SH,20241231,operating_cost,Operating Cost,income_statement,51723918891.34,CNY
600612.SH,20241231,operating_profit,Operating Profit,income_statement,3422688222.69,CNY
600612.SH,20241231,rd_expense,R&D Expense,income_statement,30825265.22,CNY
600612.SH,20241231,revenue,Revenue,income_statement,56792876456.39,CNY
600612.SH,20241231,selling_expense,Selling Expense,income_statement,914289696.76,CNY
600612.SH,20241231,asset_turnover,Asset Turnover,ratio,2.4134,ratio
600612.SH,20241231,cfo_to_net_profit,Operating Cash Flow / Net Profit,ratio,1.1551885169534035,ratio
600612.SH,20241231,current_ratio,Current Ratio,ratio,2.7981,ratio
600612.SH,20241231,debt_to_assets_pct,Debt to Assets,ratio,35.1131,percent
600612.SH,20241231,gross_margin_pct,Gross Margin,ratio,8.4971,percent
600612.SH,20241231,net_margin_pct,Net Margin,ratio,4.4792,percent
600612.SH,20241231,quick_ratio,Quick Ratio,ratio,1.2603,ratio
600612.SH,20241231,roa_pct,ROA,ratio,10.81,percent
600612.SH,20241231,roe_pct,ROE,ratio,15.6,percent
600998.SH,20201231,accounts_payable,Accounts Payable,balance_sheet,13137555556.49,CNY
600998.SH,20201231,accounts_receivable,Accounts Receivable,balance_sheet,25077003037.99,CNY
600998.SH,20201231,cash,Cash,balance_sheet,14809250626.37,CNY
600998.SH,20201231,fixed_assets,Fixed Assets,balance_sheet,5731119545.81,CNY
600998.SH,20201231,intangible_assets,Intangible Assets,balance_sheet,2257410437.86,CNY
600998.SH,20201231,inventory,Inventory,balance_sheet,14775225860.55,CNY
600998.SH,20201231,shareholder_equity,Shareholder Equity,balance_sheet,25616963894.71,CNY
600998.SH,20201231,short_debt,Short-term Debt,balance_sheet,14325101098.52,CNY
600998.SH,20201231,total_assets,Total Assets,balance_sheet,80823843660.8,CNY
600998.SH,20201231,total_liabilities,Total Liabilities,balance_sheet,55206879766.09,CNY
600998.SH,20201231,capital_expenditure,Capital Expenditure,cash_flow,1457079251.44,CNY
600998.SH,20201231,financing_cashflow,Financing Cash Flow,cash_flow,-183539377.1,CNY
600998.SH,20201231,investing_cashflow,Investing Cash Flow,cash_flow,-1274882711.14,CNY
600998.SH,20201231,net_cashflow,Net Cash Flow,cash_flow,1981984369.69,CNY
600998.SH,20201231,operating_cashflow,Operating Cash Flow,cash_flow,3443884108.92,CNY
600998.SH,20201231,sales_cash_received,Sales Cash Received,cash_flow,109912407388.92,CNY
600998.SH,20201231,admin_expense,Administrative Expense,income_statement,2152964033.88,CNY
600998.SH,20201231,finance_expense,Finance Expense,income_statement,985247868.64,CNY
600998.SH,20201231,net_profit,Net Profit,income_statement,3385082448.0,CNY
600998.SH,20201231,operating_cost,Operating Cost,income_statement,100919393375.97,CNY
600998.SH,20201231,operating_profit,Operating Profit,income_statement,4352380229.81,CNY
600998.SH,20201231,rd_expense,R&D Expense,income_statement,126626403.75,CNY
600998.SH,20201231,revenue,Revenue,income_statement,110859514087.96,CNY
600998.SH,20201231,selling_expense,Selling Expense,income_statement,3541896993.53,CNY
600998.SH,20201231,asset_turnover,Asset Turnover,ratio,1.459,ratio
600998.SH,20201231,cfo_to_net_profit,Operating Cash Flow / Net Profit,ratio,1.0173708208952907,ratio
600998.SH,20201231,current_ratio,Current Ratio,ratio,1.2887,ratio
600998.SH,20201231,debt_to_assets_pct,Debt to Assets,ratio,68.3052,percent
600998.SH,20201231,gross_margin_pct,Gross Margin,ratio,8.738,percent
600998.SH,20201231,net_margin_pct,Net Margin,ratio,3.0535,percent
600998.SH,20201231,quick_ratio,Quick Ratio,ratio,1.0008,ratio
600998.SH,20201231,roa_pct,ROA,ratio,4.4549,percent
600998.SH,20201231,roe_pct,ROE,ratio,14.09,percent
600998.SH,20211231,accounts_payable,Accounts Payable,balance_sheet,12802269708.66,CNY
600998.SH,20211231,accounts_receivable,Accounts Receivable,balance_sheet,26406280353.18,CNY
600998.SH,20211231,cash,Cash,balance_sheet,14701511361.9,CNY
600998.SH,20211231,fixed_assets,Fixed Assets,balance_sheet,6716943629.01,CNY
600998.SH,20211231,intangible_assets,Intangible Assets,balance_sheet,2195198838.07,CNY
600998.SH,20211231,inventory,Inventory,balance_sheet,15516807109.68,CNY
600998.SH,20211231,shareholder_equity,Shareholder Equity,balance_sheet,27072677901.93,CNY
600998.SH,20211231,short_debt,Short-term Debt,balance_sheet,12554544505.05,CNY
600998.SH,20211231,total_assets,Total Assets,balance_sheet,85935870851.52,CNY
600998.SH,20211231,total_liabilities,Total Liabilities,balance_sheet,58863192949.59,CNY
600998.SH,20211231,capital_expenditure,Capital Expenditure,cash_flow,1386267746.8,CNY
600998.SH,20211231,financing_cashflow,Financing Cash Flow,cash_flow,-2017314862.92,CNY
600998.SH,20211231,investing_cashflow,Investing Cash Flow,cash_flow,-2542941572.49,CNY
600998.SH,20211231,net_cashflow,Net Cash Flow,cash_flow,-1104708438.09,CNY
600998.SH,20211231,operating_cashflow,Operating Cash Flow,cash_flow,3459045057.02,CNY
600998.SH,20211231,sales_cash_received,Sales Cash Received,cash_flow,119420101402.5,CNY
600998.SH,20211231,admin_expense,Administrative Expense,income_statement,2455550938.7,CNY
600998.SH,20211231,finance_expense,Finance Expense,income_statement,1097599802.94,CNY
600998.SH,20211231,net_profit,Net Profit,income_statement,2608381954.01,CNY
600998.SH,20211231,operating_cost,Operating Cost,income_statement,112569808224.3,CNY
600998.SH,20211231,operating_profit,Operating Profit,income_statement,3592626857.5,CNY
600998.SH,20211231,rd_expense,R&D Expense,income_statement,194941893.39,CNY
600998.SH,20211231,revenue,Revenue,income_statement,122407434023.04,CNY
600998.SH,20211231,selling_expense,Selling Expense,income_statement,3674037674.53,CNY
600998.SH,20211231,asset_turnover,Asset Turnover,ratio,1.4681,ratio
600998.SH,20211231,cfo_to_net_profit,Operating Cash Flow / Net Profit,ratio,1.3261267398749756,ratio
600998.SH,20211231,current_ratio,Current Ratio,ratio,1.2848,ratio
600998.SH,20211231,debt_to_assets_pct,Debt to Assets,ratio,68.4967,percent
600998.SH,20211231,gross_margin_pct,Gross Margin,ratio,7.7932,percent
600998.SH,20211231,net_margin_pct,Net Margin,ratio,2.1309,percent
600998.SH,20211231,quick_ratio,Quick Ratio,ratio,1.0047,ratio
600998.SH,20211231,roa_pct,ROA,ratio,3.1283,percent
600998.SH,20211231,roe_pct,ROE,ratio,10.46,percent
600998.SH,20221231,accounts_payable,Accounts Payable,balance_sheet,14466156287.72,CNY
600998.SH,20221231,accounts_receivable,Accounts Receivable,balance_sheet,27576379084.46,CNY
600998.SH,20221231,cash,Cash,balance_sheet,17175968972.28,CNY
600998.SH,20221231,fixed_assets,Fixed Assets,balance_sheet,7504418222.22,CNY
600998.SH,20221231,intangible_assets,Intangible Assets,balance_sheet,1863082342.93,CNY
600998.SH,20221231,inventory,Inventory,balance_sheet,17213082587.11,CNY
600998.SH,20221231,shareholder_equity,Shareholder Equity,balance_sheet,28685435505.8,CNY
600998.SH,20221231,short_debt,Short-term Debt,balance_sheet,11492879382.27,CNY
600998.SH,20221231,total_assets,Total Assets,balance_sheet,92311934461.19,CNY
600998.SH,20221231,total_liabilities,Total Liabilities,balance_sheet,63626498955.39,CNY
600998.SH,20221231,capital_expenditure,Capital Expenditure,cash_flow,1243468584.32,CNY
600998.SH,20221231,financing_cashflow,Financing Cash Flow,cash_flow,-4900537088.28,CNY
600998.SH,20221231,investing_cashflow,Investing Cash Flow,cash_flow,1487695377.19,CNY
600998.SH,20221231,net_cashflow,Net Cash Flow,cash_flow,582986689.87,CNY
600998.SH,20221231,operating_cashflow,Operating Cash Flow,cash_flow,3986228156.04,CNY
600998.SH,20221231,sales_cash_received,Sales Cash Received,cash_flow,140175007640.08,CNY
600998.SH,20221231,admin_expense,Administrative Expense,income_statement,2549285210.0,CNY
600998.SH,20221231,finance_expense,Finance Expense,income_statement,1133628427.88,CNY
600998.SH,20221231,net_profit,Net Profit,income_statement,2285532936.81,CNY
600998.SH,20221231,operating_cost,Operating Cost,income_statement,129476178171.13,CNY
600998.SH,20221231,operating_profit,Operating Profit,income_statement,2853085530.73,CNY
600998.SH,20221231,rd_expense,R&D Expense,income_statement,178392105.57,CNY
600998.SH,20221231,revenue,Revenue,income_statement,140424191627.41,CNY
600998.SH,20221231,selling_expense,Selling Expense,income_statement,4126104659.03,CNY
600998.SH,20221231,asset_turnover,Asset Turnover,ratio,1.576,ratio
600998.SH,20221231,cfo_to_net_profit,Operating Cash Flow / Net Profit,ratio,1.7441131964624939,ratio
600998.SH,20221231,current_ratio,Current Ratio,ratio,1.2676,ratio
600998.SH,20221231,debt_to_assets_pct,Debt to Assets,ratio,68.9121,percent
600998.SH,20221231,gross_margin_pct,Gross Margin,ratio,7.5464,percent
600998.SH,20221231,net_margin_pct,Net Margin,ratio,1.6276,percent
600998.SH,20221231,quick_ratio,Quick Ratio,ratio,0.9792,ratio
600998.SH,20221231,roa_pct,ROA,ratio,2.565,percent
600998.SH,20221231,roe_pct,ROE,ratio,8.46,percent
600998.SH,20231231,accounts_payable,Accounts Payable,balance_sheet,16205447234.43,CNY
600998.SH,20231231,accounts_receivable,Accounts Receivable,balance_sheet,24719764230.39,CNY
600998.SH,20231231,cash,Cash,balance_sheet,16949182593.62,CNY
600998.SH,20231231,fixed_assets,Fixed Assets,balance_sheet,8079962522.7,CNY
600998.SH,20231231,intangible_assets,Intangible Assets,balance_sheet,1895060428.92,CNY
600998.SH,20231231,inventory,Inventory,balance_sheet,20114004449.02,CNY
600998.SH,20231231,shareholder_equity,Shareholder Equity,balance_sheet,29476998176.43,CNY
600998.SH,20231231,short_debt,Short-term Debt,balance_sheet,10121827109.72,CNY
600998.SH,20231231,total_assets,Total Assets,balance_sheet,92789102474.22,CNY
600998.SH,20231231,total_liabilities,Total Liabilities,balance_sheet,63312104297.79,CNY
600998.SH,20231231,capital_expenditure,Capital Expenditure,cash_flow,1048814996.09,CNY
600998.SH,20231231,financing_cashflow,Financing Cash Flow,cash_flow,-2236976224.75,CNY
600998.SH,20231231,investing_cashflow,Investing Cash Flow,cash_flow,-1361130236.89,CNY
600998.SH,20231231,net_cashflow,Net Cash Flow,cash_flow,1148580315.49,CNY
600998.SH,20231231,operating_cashflow,Operating Cash Flow,cash_flow,4747695757.88,CNY
600998.SH,20231231,sales_cash_received,Sales Cash Received,cash_flow,151481161334.9,CNY
600998.SH,20231231,admin_expense,Administrative Expense,income_statement,2817815552.54,CNY
600998.SH,20231231,finance_expense,Finance Expense,income_statement,1178637522.21,CNY
600998.SH,20231231,net_profit,Net Profit,income_statement,2289661075.72,CNY
600998.SH,20231231,operating_cost,Operating Cost,income_statement,138028963127.58,CNY
600998.SH,20231231,operating_profit,Operating Profit,income_statement,3022717931.93,CNY
600998.SH,20231231,rd_expense,R&D Expense,income_statement,196605355.37,CNY
600998.SH,20231231,revenue,Revenue,income_statement,150139846735.79,CNY
600998.SH,20231231,selling_expense,Selling Expense,income_statement,4416368242.88,CNY
600998.SH,20231231,asset_turnover,Asset Turnover,ratio,1.6226,ratio
600998.SH,20231231,cfo_to_net_profit,Operating Cash Flow / Net Profit,ratio,2.073536475867746,ratio
600998.SH,20231231,current_ratio,Current Ratio,ratio,1.259,ratio
600998.SH,20231231,debt_to_assets_pct,Debt to Assets,ratio,68.2323,percent
600998.SH,20231231,gross_margin_pct,Gross Margin,ratio,7.7789,percent
600998.SH,20231231,net_margin_pct,Net Margin,ratio,1.525,percent
600998.SH,20231231,quick_ratio,Quick Ratio,ratio,0.9242,ratio
600998.SH,20231231,roa_pct,ROA,ratio,2.4745,percent
600998.SH,20231231,roe_pct,ROE,ratio,9.06,percent
600998.SH,20241231,accounts_payable,Accounts Payable,balance_sheet,17183817809.55,CNY
600998.SH,20241231,accounts_receivable,Accounts Receivable,balance_sheet,29476866559.8,CNY
600998.SH,20241231,cash,Cash,balance_sheet,17390070930.17,CNY
600998.SH,20241231,fixed_assets,Fixed Assets,balance_sheet,8167657037.26,CNY
600998.SH,20241231,intangible_assets,Intangible Assets,balance_sheet,2111522631.98,CNY
600998.SH,20241231,inventory,Inventory,balance_sheet,22851220076.88,CNY
600998.SH,20241231,shareholder_equity,Shareholder Equity,balance_sheet,33593029141.99,CNY
600998.SH,20241231,short_debt,Short-term Debt,balance_sheet,9935748652.23,CNY
600998.SH,20241231,total_assets,Total Assets,balance_sheet,102395867613.5,CNY
600998.SH,20241231,total_liabilities,Total Liabilities,balance_sheet,68802838471.51,CNY
600998.SH,20241231,capital_expenditure,Capital Expenditure,cash_flow,975419157.0,CNY
600998.SH,20241231,financing_cashflow,Financing Cash Flow,cash_flow,-2499692839.55,CNY
600998.SH,20241231,investing_cashflow,Investing Cash Flow,cash_flow,-1591738524.92,CNY
600998.SH,20241231,net_cashflow,Net Cash Flow,cash_flow,-1008772484.68,CNY
600998.SH,20241231,operating_cashflow,Operating Cash Flow,cash_flow,3082502072.58,CNY
600998.SH,20241231,sales_cash_received,Sales Cash Received,cash_flow,154395406821.71002,CNY
600998.SH,20241231,admin_expense,Administrative Expense,income_statement,2892340342.85,CNY
600998.SH,20241231,finance_expense,Finance Expense,income_statement,1162636169.27,CNY
600998.SH,20241231,net_profit,Net Profit,income_statement,2786438947.55,CNY
600998.SH,20241231,operating_cost,Operating Cost,income_statement,139967716268.48,CNY
600998.SH,20241231,operating_profit,Operating Profit,income_statement,3635048017.56,CNY
600998.SH,20241231,rd_expense,R&D Expense,income_statement,146701969.88,CNY
600998.SH,20241231,revenue,Revenue,income_statement,151809798857.35,CNY
600998.SH,20241231,selling_expense,Selling Expense,income_statement,4385891741.95,CNY
600998.SH,20241231,asset_turnover,Asset Turnover,ratio,1.5555,ratio
600998.SH,20241231,cfo_to_net_profit,Operating Cash Flow / Net Profit,ratio,1.1062514308057299,ratio
600998.SH,20241231,current_ratio,Current Ratio,ratio,1.2684,ratio
600998.SH,20241231,debt_to_assets_pct,Debt to Assets,ratio,67.193,percent
600998.SH,20241231,gross_margin_pct,Gross Margin,ratio,7.5236,percent
600998.SH,20241231,net_margin_pct,Net Margin,ratio,1.8355,percent
600998.SH,20241231,quick_ratio,Quick Ratio,ratio,0.9243,ratio
600998.SH,20241231,roa_pct,ROA,ratio,2.8552,percent
600998.SH,20241231,roe_pct,ROE,ratio,9.2,percent
COMP-001,2023FY,fixed_assets,Net Fixed Assets,balance_sheet,1451771.46,CNY
COMP-001,2023FY,total_assets,Total Assets,balance_sheet,9698625.22,CNY
COMP-001,2023FY,total_liabilities,Total Liabilities,balance_sheet,4655340.11,CNY
COMP-001,2023FY,capital_expenditure,Capital Expenditure,cash_flow,593906.51,CNY
COMP-001,2023FY,net_cash_from_investing,Net Cash from Investing,cash_flow,-593906.51,CNY
COMP-001,2023FY,operating_cash_flow,Operating Cash Flow,cash_flow,43025.23,CNY
COMP-001,2023FY,gross_profit,Gross Profit,income_statement,1979688.35,CNY
COMP-001,2023FY,net_profit,Net Profit,income_statement,362942.86,CNY
COMP-001,2023FY,revenue,Revenue,income_statement,6598961.18,CNY
COMP-001,2023FY,asset_liability_ratio,Asset Liability Ratio,ratio,0.48,ratio
COMP-001,2023FY,gross_margin_pct,Gross Margin,ratio,0.3,ratio
COMP-001,2023FY,operating_cash_flow_margin_pct,Operating Cash Flow Margin,ratio,0.0065,ratio
COMP-001,2023FY,rd_ratio_pct,R&D Ratio,ratio,0.145,ratio
COMP-001,2024FY,fixed_assets,Net Fixed Assets,balance_sheet,1713090.32,CNY
COMP-001,2024FY,total_assets,Total Assets,balance_sheet,12072055.12,CNY
COMP-001,2024FY,total_liabilities,Total Liabilities,balance_sheet,6036027.56,CNY
COMP-001,2024FY,capital_expenditure,Capital Expenditure,cash_flow,856545.16,CNY
COMP-001,2024FY,net_cash_from_investing,Net Cash from Investing,cash_flow,-856545.16,CNY
COMP-001,2024FY,operating_cash_flow,Operating Cash Flow,cash_flow,-227928.12,CNY
COMP-001,2024FY,gross_profit,Gross Profit,income_statement,2452833.87,CNY
COMP-001,2024FY,net_profit,Net Profit,income_statement,498353.55,CNY
COMP-001,2024FY,revenue,Revenue,income_statement,7786774.19,CNY
COMP-001,2024FY,asset_liability_ratio,Asset Liability Ratio,ratio,0.5,ratio
COMP-001,2024FY,gross_margin_pct,Gross Margin,ratio,0.315,ratio
COMP-001,2024FY,operating_cash_flow_margin_pct,Operating Cash Flow Margin,ratio,-0.0293,ratio
COMP-001,2024FY,rd_ratio_pct,R&D Ratio,ratio,0.16,ratio
COMP-001,2025FY,fixed_assets,Net Fixed Assets,balance_sheet,2124232.0,CNY
COMP-001,2025FY,total_assets,Total Assets,balance_sheet,16414520.0,CNY
COMP-001,2025FY,total_liabilities,Total Liabilities,balance_sheet,8699695.6,CNY
COMP-001,2025FY,capital_expenditure,Capital Expenditure,cash_flow,1405855.36,CNY
COMP-001,2025FY,net_cash_from_investing,Net Cash from Investing,cash_flow,-1405855.36,CNY
COMP-001,2025FY,operating_cash_flow,Operating Cash Flow,cash_flow,482780.0,CNY
COMP-001,2025FY,gross_profit,Gross Profit,income_statement,3186348.0,CNY
COMP-001,2025FY,net_profit,Net Profit,income_statement,675892.0,CNY
COMP-001,2025FY,revenue,Revenue,income_statement,9655600.0,CNY
COMP-001,2025FY,asset_liability_ratio,Asset Liability Ratio,ratio,0.53,ratio
COMP-001,2025FY,gross_margin_pct,Gross Margin,ratio,0.33,ratio
COMP-001,2025FY,operating_cash_flow_margin_pct,Operating Cash Flow Margin,ratio,0.05,ratio
COMP-001,2025FY,rd_ratio_pct,R&D Ratio,ratio,0.17,ratio
COMP-002,2023FY,fixed_assets,Net Fixed Assets,balance_sheet,426485.18,CNY
COMP-002,2023FY,total_assets,Total Assets,balance_sheet,5917260.6,CNY
COMP-002,2023FY,total_liabilities,Total Liabilities,balance_sheet,2011868.6,CNY
COMP-002,2023FY,capital_expenditure,Capital Expenditure,cash_flow,266553.24,CNY
COMP-002,2023FY,net_cash_from_investing,Net Cash from Investing,cash_flow,-266553.24,CNY
COMP-002,2023FY,operating_cash_flow,Operating Cash Flow,cash_flow,878732.73,CNY
COMP-002,2023FY,gross_profit,Gross Profit,income_statement,3092017.54,CNY
COMP-002,2023FY,net_profit,Net Profit,income_statement,788464.48,CNY
COMP-002,2023FY,revenue,Revenue,income_statement,5331064.73,CNY
COMP-002,2023FY,asset_liability_ratio,Asset Liability Ratio,ratio,0.34,ratio
COMP-002,2023FY,gross_margin_pct,Gross Margin,ratio,0.58,ratio
COMP-002,2023FY,operating_cash_flow_margin_pct,Operating Cash Flow Margin,ratio,0.1648,ratio
COMP-002,2023FY,rd_ratio_pct,R&D Ratio,ratio,0.195,ratio
COMP-002,2024FY,fixed_assets,Net Fixed Assets,balance_sheet,486193.1,CNY
COMP-002,2024FY,total_assets,Total Assets,balance_sheet,7253632.71,CNY
COMP-002,2024FY,total_liabilities,Total Liabilities,balance_sheet,2683844.1,CNY
COMP-002,2024FY,capital_expenditure,Capital Expenditure,cash_flow,364644.83,CNY
COMP-002,2024FY,net_cash_from_investing,Net Cash from Investing,cash_flow,-364644.83,CNY
COMP-002,2024FY,operating_cash_flow,Operating Cash Flow,cash_flow,696503.6,CNY
COMP-002,2024FY,gross_profit,Gross Profit,income_statement,3616061.21,CNY
COMP-002,2024FY,net_profit,Net Profit,income_statement,935921.72,CNY
COMP-002,2024FY,revenue,Revenue,income_statement,6077413.79,CNY
COMP-002,2024FY,asset_liability_ratio,Asset Liability Ratio,ratio,0.37,ratio
COMP-002,2024FY,gross_margin_pct,Gross Margin,ratio,0.595,ratio
COMP-002,2024FY,operating_cash_flow_margin_pct,Operating Cash Flow Margin,ratio,0.1146,ratio
COMP-002,2024FY,rd_ratio_pct,R&D Ratio,ratio,0.21,ratio
COMP-002,2025FY,fixed_assets,Net Fixed Assets,balance_sheet,563984.0,CNY
COMP-002,2025FY,total_assets,Total Assets,balance_sheet,8917841.32,CNY
COMP-002,2025FY,total_liabilities,Total Liabilities,balance_sheet,3567136.53,CNY
COMP-002,2025FY,capital_expenditure,Capital Expenditure,cash_flow,493486.0,CNY
COMP-002,2025FY,net_cash_from_investing,Net Cash from Investing,cash_flow,-493486.0,CNY
COMP-002,2025FY,operating_cash_flow,Operating Cash Flow,cash_flow,719146.45,CNY
COMP-002,2025FY,gross_profit,Gross Profit,income_statement,4300378.0,CNY
COMP-002,2025FY,net_profit,Net Profit,income_statement,1127968.0,CNY
COMP-002,2025FY,revenue,Revenue,income_statement,7049800.0,CNY
COMP-002,2025FY,asset_liability_ratio,Asset Liability Ratio,ratio,0.4,ratio
COMP-002,2025FY,gross_margin_pct,Gross Margin,ratio,0.61,ratio
COMP-002,2025FY,operating_cash_flow_margin_pct,Operating Cash Flow Margin,ratio,0.102,ratio
COMP-002,2025FY,rd_ratio_pct,R&D Ratio,ratio,0.22,ratio
COMP-003,2023FY,fixed_assets,Net Fixed Assets,balance_sheet,1539134.91,CNY
COMP-003,2023FY,total_assets,Total Assets,balance_sheet,9731169.96,CNY
COMP-003,2023FY,total_liabilities,Total Liabilities,balance_sheet,3308597.79,CNY
COMP-003,2023FY,capital_expenditure,Capital Expenditure,cash_flow,403253.34,CNY
COMP-003,2023FY,net_cash_from_investing,Net Cash from Investing,cash_flow,-403253.34,CNY
COMP-003,2023FY,operating_cash_flow,Operating Cash Flow,cash_flow,989401.39,CNY
COMP-003,2023FY,gross_profit,Gross Profit,income_statement,2798427.1,CNY
COMP-003,2023FY,net_profit,Net Profit,income_statement,796852.11,CNY
COMP-003,2023FY,revenue,Revenue,income_statement,6996067.75,CNY
COMP-003,2023FY,asset_liability_ratio,Asset Liability Ratio,ratio,0.34,ratio
COMP-003,2023FY,gross_margin_pct,Gross Margin,ratio,0.4,ratio
COMP-003,2023FY,operating_cash_flow_margin_pct,Operating Cash Flow Margin,ratio,0.1414,ratio
COMP-003,2023FY,rd_ratio_pct,R&D Ratio,ratio,0.115,ratio
COMP-003,2024FY,fixed_assets,Net Fixed Assets,balance_sheet,1754613.79,CNY
COMP-003,2024FY,total_assets,Total Assets,balance_sheet,11593579.78,CNY
COMP-003,2024FY,total_liabilities,Total Liabilities,balance_sheet,4289624.52,CNY
COMP-003,2024FY,capital_expenditure,Capital Expenditure,cash_flow,478531.03,CNY
COMP-003,2024FY,net_cash_from_investing,Net Cash from Investing,cash_flow,-478531.03,CNY
COMP-003,2024FY,operating_cash_flow,Operating Cash Flow,cash_flow,699878.57,CNY
COMP-003,2024FY,gross_profit,Gross Profit,income_statement,3309839.65,CNY
COMP-003,2024FY,net_profit,Net Profit,income_statement,908411.41,CNY
COMP-003,2024FY,revenue,Revenue,income_statement,7975517.24,CNY
COMP-003,2024FY,asset_liability_ratio,Asset Liability Ratio,ratio,0.37,ratio
COMP-003,2024FY,gross_margin_pct,Gross Margin,ratio,0.415,ratio
COMP-003,2024FY,operating_cash_flow_margin_pct,Operating Cash Flow Margin,ratio,0.0878,ratio
COMP-003,2024FY,rd_ratio_pct,R&D Ratio,ratio,0.13,ratio
COMP-003,2025FY,fixed_assets,Net Fixed Assets,balance_sheet,2035352.0,CNY
COMP-003,2025FY,total_assets,Total Assets,balance_sheet,13916492.34,CNY
COMP-003,2025FY,total_liabilities,Total Liabilities,balance_sheet,5566596.94,CNY
COMP-003,2025FY,capital_expenditure,Capital Expenditure,cash_flow,647612.0,CNY
COMP-003,2025FY,net_cash_from_investing,Net Cash from Investing,cash_flow,-647612.0,CNY
COMP-003,2025FY,operating_cash_flow,Operating Cash Flow,cash_flow,663871.29,CNY
COMP-003,2025FY,gross_profit,Gross Profit,income_statement,3978188.0,CNY
COMP-003,2025FY,net_profit,Net Profit,income_statement,1093076.54,CNY
COMP-003,2025FY,revenue,Revenue,income_statement,9251600.0,CNY
COMP-003,2025FY,asset_liability_ratio,Asset Liability Ratio,ratio,0.4,ratio
COMP-003,2025FY,gross_margin_pct,Gross Margin,ratio,0.43,ratio
COMP-003,2025FY,operating_cash_flow_margin_pct,Operating Cash Flow Margin,ratio,0.0718,ratio
COMP-003,2025FY,rd_ratio_pct,R&D Ratio,ratio,0.14,ratio
COMP-004,2023FY,fixed_assets,Net Fixed Assets,balance_sheet,1010940.99,CNY
COMP-004,2023FY,total_assets,Total Assets,balance_sheet,6724687.59,CNY
COMP-004,2023FY,total_liabilities,Total Liabilities,balance_sheet,2689875.04,CNY
COMP-004,2023FY,capital_expenditure,Capital Expenditure,cash_flow,275711.18,CNY
COMP-004,2023FY,net_cash_from_investing,Net Cash from Investing,cash_flow,-275711.18,CNY
COMP-004,2023FY,operating_cash_flow,Operating Cash Flow,cash_flow,443527.39,CNY
COMP-004,2023FY,gross_profit,Gross Profit,income_statement,1654267.08,CNY
COMP-004,2023FY,net_profit,Net Profit,income_statement,344638.98,CNY
COMP-004,2023FY,revenue,Revenue,income_statement,4595186.34,CNY
COMP-004,2023FY,asset_liability_ratio,Asset Liability Ratio,ratio,0.4,ratio
COMP-004,2023FY,gross_margin_pct,Gross Margin,ratio,0.36,ratio
COMP-004,2023FY,operating_cash_flow_margin_pct,Operating Cash Flow Margin,ratio,0.0965,ratio
COMP-004,2023FY,rd_ratio_pct,R&D Ratio,ratio,0.165,ratio
COMP-004,2024FY,fixed_assets,Net Fixed Assets,balance_sheet,1132253.91,CNY
COMP-004,2024FY,total_assets,Total Assets,balance_sheet,8575911.82,CNY
COMP-004,2024FY,total_liabilities,Total Liabilities,balance_sheet,3687642.08,CNY
COMP-004,2024FY,capital_expenditure,Capital Expenditure,cash_flow,411728.7,CNY
COMP-004,2024FY,net_cash_from_investing,Net Cash from Investing,cash_flow,-411728.7,CNY
COMP-004,2024FY,operating_cash_flow,Operating Cash Flow,cash_flow,139877.47,CNY
COMP-004,2024FY,gross_profit,Gross Profit,income_statement,1929978.26,CNY
COMP-004,2024FY,net_profit,Net Profit,income_statement,432315.13,CNY
COMP-004,2024FY,revenue,Revenue,income_statement,5146608.7,CNY
COMP-004,2024FY,asset_liability_ratio,Asset Liability Ratio,ratio,0.43,ratio
COMP-004,2024FY,gross_margin_pct,Gross Margin,ratio,0.375,ratio
COMP-004,2024FY,operating_cash_flow_margin_pct,Operating Cash Flow Margin,ratio,0.0272,ratio
COMP-004,2024FY,rd_ratio_pct,R&D Ratio,ratio,0.18,ratio
COMP-004,2025FY,fixed_assets,Net Fixed Assets,balance_sheet,1302092.0,CNY
COMP-004,2025FY,total_assets,Total Assets,balance_sheet,9931219.76,CNY
COMP-004,2025FY,total_liabilities,Total Liabilities,balance_sheet,4568361.09,CNY
COMP-004,2025FY,capital_expenditure,Capital Expenditure,cash_flow,532674.0,CNY
COMP-004,2025FY,net_cash_from_investing,Net Cash from Investing,cash_flow,-532674.0,CNY
COMP-004,2025FY,operating_cash_flow,Operating Cash Flow,cash_flow,6433.27,CNY
COMP-004,2025FY,gross_profit,Gross Profit,income_statement,2308254.0,CNY
COMP-004,2025FY,net_profit,Net Profit,income_statement,532674.0,CNY
COMP-004,2025FY,revenue,Revenue,income_statement,5918600.0,CNY
COMP-004,2025FY,asset_liability_ratio,Asset Liability Ratio,ratio,0.46,ratio
COMP-004,2025FY,gross_margin_pct,Gross Margin,ratio,0.39,ratio
COMP-004,2025FY,operating_cash_flow_margin_pct,Operating Cash Flow Margin,ratio,0.0011,ratio
COMP-004,2025FY,rd_ratio_pct,R&D Ratio,ratio,0.19,ratio
COMP-005,2023FY,fixed_assets,Net Fixed Assets,balance_sheet,1092023.29,CNY
COMP-005,2023FY,total_assets,Total Assets,balance_sheet,7284258.22,CNY
COMP-005,2023FY,total_liabilities,Total Liabilities,balance_sheet,2913703.29,CNY
COMP-005,2023FY,capital_expenditure,Capital Expenditure,cash_flow,297824.53,CNY
COMP-005,2023FY,net_cash_from_investing,Net Cash from Investing,cash_flow,-297824.53,CNY
COMP-005,2023FY,operating_cash_flow,Operating Cash Flow,cash_flow,501915.0,CNY
COMP-005,2023FY,gross_profit,Gross Profit,income_statement,2233684.0,CNY
COMP-005,2023FY,net_profit,Net Profit,income_statement,502082.52,CNY
COMP-005,2023FY,revenue,Revenue,income_statement,4963742.23,CNY
COMP-005,2023FY,asset_liability_ratio,Asset Liability Ratio,ratio,0.4,ratio
COMP-005,2023FY,gross_margin_pct,Gross Margin,ratio,0.45,ratio
COMP-005,2023FY,operating_cash_flow_margin_pct,Operating Cash Flow Margin,ratio,0.1011,ratio
COMP-005,2023FY,rd_ratio_pct,R&D Ratio,ratio,0.175,ratio
COMP-005,2024FY,fixed_assets,Net Fixed Assets,balance_sheet,1223066.09,CNY
COMP-005,2024FY,total_assets,Total Assets,balance_sheet,9218423.9,CNY
COMP-005,2024FY,total_liabilities,Total Liabilities,balance_sheet,3963922.28,CNY
COMP-005,2024FY,capital_expenditure,Capital Expenditure,cash_flow,444751.3,CNY
COMP-005,2024FY,net_cash_from_investing,Net Cash from Investing,cash_flow,-444751.3,CNY
COMP-005,2024FY,operating_cash_flow,Operating Cash Flow,cash_flow,151631.41,CNY
COMP-005,2024FY,gross_profit,Gross Profit,income_statement,2585116.95,CNY
COMP-005,2024FY,net_profit,Net Profit,income_statement,562332.43,CNY
COMP-005,2024FY,revenue,Revenue,income_statement,5559391.3,CNY
COMP-005,2024FY,asset_liability_ratio,Asset Liability Ratio,ratio,0.43,ratio
COMP-005,2024FY,gross_margin_pct,Gross Margin,ratio,0.465,ratio
COMP-005,2024FY,operating_cash_flow_margin_pct,Operating Cash Flow Margin,ratio,0.0273,ratio
COMP-005,2024FY,rd_ratio_pct,R&D Ratio,ratio,0.19,ratio
COMP-005,2025FY,fixed_assets,Net Fixed Assets,balance_sheet,1406526.0,CNY
COMP-005,2025FY,total_assets,Total Assets,balance_sheet,10673208.47,CNY
COMP-005,2025FY,total_liabilities,Total Liabilities,balance_sheet,4909675.9,CNY
COMP-005,2025FY,capital_expenditure,Capital Expenditure,cash_flow,575397.0,CNY
COMP-005,2025FY,net_cash_from_investing,Net Cash from Investing,cash_flow,-575397.0,CNY
COMP-005,2025FY,operating_cash_flow,Operating Cash Flow,cash_flow,-307.16,CNY
COMP-005,2025FY,gross_profit,Gross Profit,income_statement,3068784.0,CNY
COMP-005,2025FY,net_profit,Net Profit,income_statement,673853.82,CNY
COMP-005,2025FY,revenue,Revenue,income_statement,6393300.0,CNY
COMP-005,2025FY,asset_liability_ratio,Asset Liability Ratio,ratio,0.46,ratio
COMP-005,2025FY,gross_margin_pct,Gross Margin,ratio,0.48,ratio
COMP-005,2025FY,operating_cash_flow_margin_pct,Operating Cash Flow Margin,ratio,0.0,ratio
COMP-005,2025FY,rd_ratio_pct,R&D Ratio,ratio,0.2,ratio
